Unnamed: 0,recipe_name,Ingredients,Ingredients_alpha,eng_Ingredients_alpha,Ingredients_string,pays
2,"[' Bekbouka marocaine', '']",-tripes      -fressures      - oignon     -   pois chiches   -  riz -   coriandre -   persil -   raisins  -   safran -    gingembre -   poivre noir -    cannelle -    sel -huile  ,"{'tripes': 276, 'fressures': 276, 'oignon': 348, 'pois chiches': 417, 'riz': 55, 'coriandre': 254, 'persil': 338, 'raisins ': 182, 'safran': 340, 'gingembre': 333, 'poivre noir': 399, 'cannelle': 330, 'sel': 778, 'huile': 901}","{'meat': 276, 'meat': 276, 'onion': 348, 'chickpea': 417, 'rice': 55, 'coriander ': 254, 'parsley': 338, 'grape  ': 182, 'saffron': 340, 'ginger ': 333, 'pepper ': 399, 'cinnamon': 330, 'salt': 778, 'cooking oil': 901} "," 'meat' , 'meat'    , 'onion' , 'chickpea'  ,  'rice' ,   'coriander'  ,   'parsley' ,   'grape'   ,   'saffron'  ,    'ginger'  ,  'pepper' ,    'cinnamon'  ,    'salt' , 'cooking oil'  ",MAROC
8,"[' Cervelle de veau en sauce', '']", - cervelles   -    ail -   huile -    jus  citron  -     coriandre -   poivre rouge -     piment fort   -   cumin -   sel  ,"{'cervelles': 276, 'ail': 259, 'huile': 901, 'jus citron': 240, 'coriandre': 254, 'poivre rouge': 339, 'piment fort': 362, 'cumin': 332, 'sel': 778}","{'meat': 276, 'garlic ': 259, 'cooking oil': 901, 'lemon': 240, 'coriander ': 254, 'pepper': 339, 'capsicum ': 362, 'cumin': 332, 'salt': 778}  "," 'meat',  'garlic' , 'cooking oil' ,  'lemon' , 'coriander' ,  'pepper' , 'capsicum' ,  'cumin'  ,  'salt'  ",MAROC
9,"[' Douwara', '']",-tripes  -   huile -    ail - oignon     -   coriandre -    poivre rouge -    cumin -    piment fort   -    sel -   vinaigre  ,"{'tripes ': 276, 'huile': 901, 'ail': 259, 'oignon': 348, 'coriandre': 254, 'poivre rouge': 339, 'cumin': 332, 'piment fort': 362, 'sel': 778, 'vinaigre': 322}","{'meat ': 276, 'cooking oil': 901, 'garlic ': 259, 'onion': 348, 'coriander ': 254, 'pepper ': 339, 'cumin': 332, 'capsicum ': 362, 'salt': 778, 'vinegar ': 322}  ","'meat'  ,'cooking oil' ,'garlic' ,'onion','coriander'  ,'pepper' ,'cumin'  ,'capsicum' ,'salt' ,'vinegar'   ",MAROC
11,"[' Foie mcharmel en sauce', '']",-   foie  -   persil -jus   citron -huile   -   farine -    ail -   coriandre -   vinaigre -    poivre rouge -   poivre noir -   cumin -     sel  ,"{'foie': 276, 'persil': 338, 'jus   citron': 240, 'huile': 901, 'farine': 920, 'ail': 259, 'coriandre': 254, 'vinaigre': 322, 'poivre rouge': 339, 'poivre noir': 399, 'cumin': 332, 'sel': 778}","{'meat': 276, 'parsley': 338, 'lemon ': 240, 'cooking oil': 901, 'flour': 920, 'garlic ': 259, 'coriander ': 254, 'vinegar ': 322, 'pepper ': 339, 'white pepper': 399, 'cumin': 332, 'salt': 778} "," 'meat' , 'parsley' ,'lemon' , 'cooking oil' , 'flour' , 'garlic' , 'coriander', 'vinegar' , 'pepper' , 'white pepper' , 'cumin' , 'salt'",MAROC
15,"[' Rognons  blancs en sauce', '']",-    rognons  blancs    -    poivre rouge -    cumin -    cannelle -   beurre -sel  ,"{'rognons  blancs': 276, 'poivre rouge': 339, 'cumin': 332, 'cannelle': 330, 'beurre': 60, 'sel': 778}","{'meat': 276, 'pepper': 339, 'cumin': 332, 'cinnamon ': 330, 'butter ': 60, 'salt': 778}   ","'meat' , 'pepper' , 'cumin' , 'cinnamon' , 'butter'  ,'salt'",MAROC
17,"[' Rognons  blancs aux oignons et aux pois chiches (sauce qadra)', '']",-   rognons  blancs -   pois chiches   -   oignons  -   persil -   beurre -   safran -   poivre noir -sel  ,"{'rognons  blancs': 276, 'pois chiches': 417, 'oignons ': 348, 'persil': 338, 'beurre': 60, 'safran': 340, 'poivre noir': 399, 'sel': 778}","{'meat': 276, 'chickpea': 417, 'onion ': 348, 'parsley': 338, 'butter ': 60, 'saffron ': 340, 'pepper': 399, 'salt': 778} "," 'meat' , 'chickpea' , 'onion' , 'parsley' , 'butter' , 'saffron' , 'pepper' ,'salt'",MAROC
20,"[' Tête de mouton à la vapeur', '']",- tetes    -sel -cumin -poivre noir  ,"{'tetes': 276, 'sel': 778, 'cumin': 332, 'poivre noir': 399}","{'meat': 276, 'salt': 778, 'cumin': 332, 'white pepper': 399}  "," 'meat' ,'salt' ,'cumin' , 'white pepper'",MAROC
4,"[' Bastéla ', '']",-       bastèla - pigeons -   beurre  - œufs - oignons  -     coriandre  -     persil -   amandes  -   sucre     -    cannelle  -    gingembre - clous de girofle -    poivre noir  -     safran    -sel -   eau de fleur  oranger  -huile     ,"{'semouline': 869, 'farine': 920, 'sel': 778, 'water': 794, 'pigeons': 651, 'beurre': 60, 'œufs': 0, 'oignons': 348, 'coriandre': 254, 'persil': 338, 'amandes': 281, 'sucre': 781, 'cannelle': 330, 'gingembre': 333, 'clous de girofle': 331, 'poivre noir': 399, 'safran': 340, 'eau de fleur  oranger': 121, 'huile': 901}","{'semolina': 869, 'flour ': 920, 'salt': 778, 'water': 794, 'squab ': 651, 'butter ': 60, 'egg ': 0, 'onion': 348, 'coriander ': 254, 'parsley': 338, 'almond': 281, 'sugar': 781, 'cinnamon ': 330, 'ginger ': 333, 'clove ': 331, 'white pepper': 399, 'saffron': 340, 'neroli oil': 121, 'cooking oil': 901} "," 'semolina' , 'flour' ,'salt' ,'water'  , 'squab'   , 'butter' , 'egg' , 'onion' , 'coriander' , 'parsley' , 'almond' , 'sugar' , 'cinnamon' , 'ginger' ,  'clove' , 'white pepper'  ,'saffron' , 'saffron' , 'cooking oil'    ",MAROC
9,"[' Briouats à la cervelle ', '']",- cervelles    - oignon  - carotte - navet - poireau  - oeuf  -   beurre -   poivre noir -   bastèla -    thym      -    laurier      -     persil  -     coriandre  -sel -huile    ,"{'cervelles': 276, 'oignon': 348, 'carotte': 368, 'navet': 358, 'poireau': 345, 'oeuf': 0, 'beurre': 60, 'poivre noir': 399, 'semouline': 869, 'farine': 920, 'sel': 778, 'water': 794, 'thym': 269, 'laurier': 305, 'persil': 338, 'coriandre': 254, 'huile': 901}","{'meat': 276, 'onion': 348, 'carrot ': 368, 'turnip ': 358, 'leek ': 345, 'egg ': 0, 'butter': 60, 'pepper': 399, 'semolina': 869, 'flour': 920, 'salt': 778, 'water': 794, 'thyme ': 269, 'laurel ': 305, 'parsley': 338, 'coriander ': 254, 'cooking oil': 901}  ","'meat','onion' ,'carrot', 'turnip', 'leek' , 'egg' , 'butter' , 'pepper' , 'semolina' , 'thyme' , 'laurel' , 'parsley' , 'coriander' , 'salt' ,'cooking oil' ,'flour' ,'salt' , 'water'",MAROC
10,"[' Briouats à la viande hachée ', '']",-     boeuf  - œufs  -   beurre  - oignon  -   coriandre -   persil  -   cannelle  -   cumin -   poivre rouge -  piment de cayenne   -sel -   bastèla  -huile    ,"{'boeuf': 270, 'œufs': 0, 'beurre': 60, 'oignon': 348, 'coriandre': 254, 'persil': 338, 'cannelle': 330, 'cumin': 332, 'poivre rouge': 339, 'piment de cayenne': 362, 'sel': 778, 'semouline': 869, 'farine': 920, 'water': 794, 'huile': 901}","{'beef ': 270, 'egg': 0, 'butter ': 60, 'onion': 348, 'coriander ': 254, 'parsley': 338, 'cinnamon ': 330, 'cumin': 332, 'pepper': 339, 'piment de cayenne': 362, 'salt': 778, 'semolina ': 869, 'flour': 920, 'water': 794, 'cooking oil': 901} ","'beef', 'egg' , 'butter','onion', 'coriander' , 'parsley' , 'cinnamon' , 'cumin' , 'pepper' , 'capsicum' , 'salt' , 'semolina'  ,'cooking oil'  ,'flour' ,'water'",MAROC
17,"['Escargots ', '']",-   escargots  -    grains  anis vert  -   carvi  -   thym  -    thé vert  -     réglisse - piment fort -   sel -    poivre rouge -     menthe  -   marjolaine  -   sauge  -écorces   orange  -écorces   orange   - grains de gomme mastic -    eau   ,"{'escargots': 751, 'grains  anis vert': 986, 'carvi': 326, 'thym': 269, 'thé vert': 49, 'réglisse': 984, 'piment fort': 362, 'sel': 778, 'poivre rouge': 339, 'menthe': 262, 'marjolaine': 335, 'sauge': 265, 'écorces   orange': 122, 'grains de gomme mastic': 118, 'eau': 794}","{'snail ': 751, 'green anise': 986, 'caraway': 326, 'thyme': 269, 'green tea ': 49, 'Liquorice': 984, 'capsicum ': 362, 'salt': 778, 'pepper': 339, 'mint': 262, 'marjoram': 335, 'sage': 265, 'orange oil': 122, 'mastic gum': 118, 'water': 794} ","'snail' , 'green anise' , 'caraway' , 'thyme' , 'green tea' , 'Liquorice' , 'capsicum' , 'salt' , 'pepper' , 'mint' , 'marjoram' ,  'sage' ,'orange oil' ,'orange oil' , 'mastic gum' , 'water'",MAROC
25,"[' Tajine malsouqa ', '']",-   malsouqa -      -   haricots blancs    -   oignon   - œufs   - œufs   -   fromage    -   beurre  -    poivre noir  -   huile  -safarn -sel  ,"{'semouline': 869, 'farine': 920, 'sel': 778, 'water': 794, 'haricots blancs': 286, 'oignon': 348, 'œufs': 0, 'fromage': 62, 'beurre': 60, 'poivre noir': 399, 'huile': 901, 'safarn': 340}","{'semolina ': 869, 'flour': 920, 'salt': 778, 'water': 794, 'kidney beans': 286, 'onion': 348, 'egg': 0, 'cheese': 62, 'butter': 60, 'pepper': 399, 'cooking oil': 901, 'saffron': 340}","'semolina' , 'flour' , 'salt' ,'water' , 'kidney beans'  , 'onion' , 'egg' , 'cheese' , 'butter' , 'pepper' , 'cooking oil','saffron'",MAROC
1,"[' Bessara', 'Fèves sèches en purèe', '']",-   fèves     -    ail -    sel -   poivre rouge -    piment fort -   cumin  -jus   citron  -huile  olives  ,"{'fèves': 284, 'ail': 259, 'sel': 778, 'poivre rouge': 339, 'piment fort': 362, 'cumin': 332, 'jus   citron': 240, 'huile  olives': 979}","{'beans': 284, 'garlic': 259, 'salt': 778, 'pepper': 339, 'capsicum': 362, 'cumin': 332, 'lemon': 240, 'olive oil': 979}  ","'beans' , 'garlic' , 'salt'  , 'pepper' , 'capsicum' , 'cumin' ,'lemon' ,'olive oil'",MAROC
11,"[' Courge rouge au miel', '']",-    courge rouge -   miel   -   huile -   gingembre -sel  ,"{'courge rouge': 209, 'miel': 315, 'huile': 901, 'gingembre': 333, 'sel': 778}","{'pumpkin': 209, 'honey': 315, 'cooking oil': 901, 'ginger ': 333, 'salt': 778} ","'pumpkin'  , 'honey'   , 'cooking oil'  , 'ginger' , 'salt'",MAROC
14,"[' Fèves ècossèes en sauce', '']",-   fèves     -    ail -   oignon   -   huile -   coriandre -   poivre rouge -   piment fort   -    sel -    cumin  ,"{'fèves': 284, 'ail': 259, 'oignon': 348, 'huile': 901, 'coriandre': 254, 'poivre rouge': 339, 'piment fort': 362, 'sel': 778, 'cumin': 332}","{'beans ': 284, 'garlic': 259, 'onion': 348, 'cooking oil': 901, 'coriander': 254, 'white pepper': 339, 'capsicum': 362, 'salt': 778, 'cumin': 332}"," 'beans'    ,  'garlic'  , 'onion' , 'cooking oil' , 'coriander' , 'white pepper' , 'capsicum'  , 'salt' ,'cumin'",MAROC
17,"[' Mahfour', 'navets à col violet en sauce', '']",-    navet -   raisins  s   - oignon     -   huile -   poivre rouge -    piment fort   -    sel  ,"{'navet': 358, 'raisins  s': 182, 'oignon': 348, 'huile': 901, 'poivre rouge': 339, 'piment fort': 362, 'sel': 778}","{'turnip ': 358, 'grape ': 182, 'onion': 348, 'cooking oil': 901, 'pepper': 339, 'capsicum': 362, 'salt': 778}  ","'turnip'  , 'grape'    , 'onion'  , 'cooking oil' ,  'pepper' , 'capsicum'  ,    'salt'",MAROC
18,"[' Mauves en sauce', '']",-   mauves -   persil -    ail -   coriandre -   huile  olives - citrons - citron   -  olives   -    sel -   poivre rouge -   piment fort    ,"{'mauves': 298, 'persil': 338, 'ail': 259, 'coriandre': 254, 'huile  olives': 979, 'citrons': 240, 'citron': 240, 'olives': 307, 'sel': 778, 'poivre rouge': 339, 'piment fort': 362}","{'muskmallow': 298, 'parsley': 338, 'garlic': 259, 'coriandre': 254, 'olive oil': 979, 'lemon': 240, 'lemon': 240, 'olive': 307, 'salt': 778, 'pepper': 339, 'capsicum': 362} ","'muskmallow'  , 'parsley'  , 'garlic', 'coriander' , 'olive oil' , 'lemon' , 'lemon' , 'olive'   , 'salt' , 'pepper' , 'capsicum'",MAROC
19,"[' Mengoub', 'Fèves sèches en sauce', '']",-   fèves    - oignon     -    ail -   persil -   coriandre -   huile -    poivre rouge -   safran -    sel -    carvi  ,"{'fèves': 284, 'oignon': 348, 'ail': 259, 'persil': 338, 'coriandre': 254, 'huile': 901, 'poivre rouge': 339, 'safran': 340, 'sel': 778, 'carvi': 326}","{'beans ': 284, 'onion': 348, 'garlic': 259, 'parsley': 338, 'coriander': 254, 'cooking oil': 901, 'pepper': 339, 'saffron ': 340, 'salt': 778, 'caraway ': 326} "," 'beans' , 'onion'     , 'garlic' , 'parsley'  , 'coriander'  , 'cooking oil'  , 'pepper' , 'saffron' , 'salt' , 'caraway'",MAROC
22,"[' Patate douce en sauce', '']",-   patate   -   oignon   -    ail -   huile -   persil -   poivre rouge -    piment fort   -   cumin -   sel  ,"{'patate': 373, 'oignon': 348, 'ail': 259, 'huile': 901, 'persil': 338, 'poivre rouge': 339, 'piment fort': 362, 'cumin': 332, 'sel': 778}","{'potato': 373, 'onion': 348, 'garlic': 259, 'cooking oil': 901, 'parsley': 338, 'pepper': 339, 'capsicum': 362, 'cumin': 332, 'salt': 778}","  'potato'   , 'onion', 'garlic' , 'cooking oil' , 'parsley'  , 'pepper'   , 'capsicum'  , 'cumin' , 'salt'",MAROC
24,"[' Serrouda', 'pois chiches en purèe', '']",-   pois chiches   - oignon     -    ail -   beurre -   safran -    poivre noir -    sel  ,"{'pois chiches': 417, 'oignon': 348, 'ail': 259, 'beurre': 60, 'safran': 340, 'poivre noir': 399, 'sel': 778}","{'chickpea': 417, 'onion': 348, 'garlic': 259, 'butter': 60, 'saffron ': 340, 'pepper': 399, 'salt': 778} ","'chickpea', 'onion', 'garlic', 'butter', 'saffron', 'pepper', 'salt'",MAROC
28,"[' Topinambours en sauce', '']",-    topinambour - oignon      -   huile -   persil -   poivre rouge -   piment fort   -     sel  ,"{'topinambour': 573, 'oignon': 348, 'huile': 901, 'persil': 338, 'poivre rouge': 339, 'piment fort': 362, 'sel': 778}","{'jerusalem artichoke ': 573, 'onion': 348, 'cooking oil': 901, 'parsley': 338, 'pepper': 339, 'capsicum': 362, 'salt': 778}"," 'jerusalem artichoke' , 'onion' , 'cooking oil' , 'parsley','pepper' , 'capsicum'  , 'salt'",MAROC
0,"[' Boulettes de kefta aux oeufs ', '']",-   kefta  -   beurre  -   poivre rouge  -  piment fort    -sel  - œufs  ,"{'viande': 276, 'oignon': 348, 'persil': 338, 'sel': 778, 'poivron noir': 362, 'piment fort': 362, 'beurre': 60, 'poivre rouge': 339, 'œufs': 0}","{'meat': 276, 'onion': 348, 'parsley': 338, 'salt': 778, 'capsicum': 362, 'capsicum': 362, 'butter': 60, 'pepper': 339, 'egg': 0} "," 'meat' , 'onion','parsley','capsicum','salt','capsicum','butter','pepper','egg'",MAROC
1,"[' Brochettes de kouah ', '']",-   foie  -    cumin  -    poivre noir  -    sel  -   piment fort     ,"{'foie': 276, 'cumin': 332, 'poivre noir': 399, 'sel': 778, 'piment fort': 362}","{'meat': 276, 'cumin': 332, 'white pepper': 399, 'salt': 778, 'capsicum': 362} "," 'meat','cumin','white pepper','salt','capsicum'",MAROC
4,"[' Boulfaf', '']",- foie   -sel - crèpine   -    cumin -    piment fort    ,"{'foie': 276, 'sel': 778, 'crèpine': 276, 'cumin': 332, 'piment fort': 362}","{'meat': 276, 'salt': 778, 'meat': 276, 'cumin': 332, 'capsicum': 362}"," 'meat','salt','meat','cumin','capsicum'  ",MAROC
5,"[' Brochettes de Kefta', '']",-   viande -oignon      -   persil -   coriandre -   cumin -   ras lhanout -   piment fort   -   poivre noir -sel  ,"{'viande': 276, 'oignon': 348, 'persil': 338, 'coriandre': 254, 'cumin': 332, 'gingembre': 333, 'sel': 778, 'poivre': 339, 'cannelle': 330, 'allspice': 375, 'clove': 331, 'piment': 362, 'piment fort': 362, 'poivre noir': 399}","{'meat': 276, 'onion': 348, 'parsley': 338, 'coriander': 254, 'cumin': 332, 'ginger ': 333, 'salt': 778, 'pepper': 339, 'cinnamon ': 330, 'allspice ': 375, 'clove': 331, 'capsicum': 362, 'capsicum': 362, 'pepper': 399}  ","'meat','onion','parsley','coriander','cumin','ginger','salt','pepper','cinnamon','allspice','clove','capsicum','pepper'",MAROC
7,"[' Brochettes de Kebab', '']",-   viande - oignon     -   persil -    sel -poivron noir -    piment fort    ,"{'viande': 276, 'oignon': 348, 'persil': 338, 'sel': 778, 'poivron noir': 362, 'piment fort': 362}","{'meat': 276, 'onion': 348, 'parsley': 338, 'salt': 778, 'capsicum': 362, 'capsicum': 362}  ","'meat','onion','parsley','salt','capsicum','capsicum'",MAROC
8,"[' Brochettes de cœur de veau', '']",- cœur   -    poivre rouge -    cumin -    piment fort   -sel    ,"{'cœur': 276, 'poivre rouge': 339, 'cumin': 332, 'piment fort': 362, 'sel': 778}","{'meat': 276, 'pepper': 339, 'cumin': 332, 'capsicum': 362, 'salt': 778}","'meat','pepper','cumin','capsicum','salt'",MAROC
11,"[' Kefta mchermla', '']",-   kefta -   oignons  -   beurre -   safran -   poivre rouge -    piment fort   -    gingembre  -   cumin -    sel - citron -     persil -     coriandre  ,"{'viande': 276, 'oignon': 348, 'persil': 338, 'sel': 778, 'poivron noir': 362, 'piment fort': 362, 'oignons  s': 348, 'beurre': 60, 'safran': 340, 'poivre rouge': 339, 'gingembre': 333, 'cumin': 332, 'citron': 240, 'coriandre': 254}","{'meat': 276, 'onion': 348, 'parsley': 338, 'salt': 778, 'capsicum': 362, 'capsicum': 362, 'onion': 348, 'butter': 60, 'saffron ': 340, 'pepper': 339, 'ginger': 333, 'cumin': 332, 'citron': 240, 'coriander': 254}  ","'meat','onion','parsley','salt','capsicum','capsicum','onion','butter','saffron','pepper','ginger','cumin','lemon','coriander'",MAROC
15,"[' Kefta au tomates', '']",-   kefta -   beurre -   tomates - oignons -    poivre rouge -    ail -     piment fort   -   poivre noir -    sel -   persil  ,"{'viande': 276, 'oignon': 348, 'persil': 338, 'sel': 778, 'poivron noir': 362, 'piment fort': 362, 'beurre': 60, 'tomates': 364, 'oignons': 348, 'poivre rouge': 339, 'ail': 259, 'poivre noir': 399}","{'meat': 276, 'onion': 348, 'parsley': 338, 'salt': 778, 'capsicum': 362, 'capsicum': 362, 'butter': 60, 'tomato': 364, 'onion': 348, 'pepper': 339, 'garlic': 259, 'white pepper': 399} ","'meat','onion','parsley','salt','capsicum','capsicum','butter','tomato','onion','pepper','garlic','white pepper'",MAROC
16,"[' Mèchoui', '']",-     -    beurre -sel -cumin -safran  ,"{'beurre': 60, 'sel': 778, 'cumin': 332, 'safran': 340}","{'butter': 60, 'salt': 778, 'cumin': 332, 'saffron ': 340} "," 'butter','salt','cumin','saffron'",MAROC
0,"[' Tajine de poisson ', '']",-   poisson blanc      -   tomates - oignons     -  ail  -  huile  olive  - poivron    - piment fort    -   cumin    -    gigembre    -   poivre rouge -   sel  -  piment de cayenne    -   cannelle  -   gingembre -   coriandre -   persil  -  olives    ,"{'cumin': 332, 'coriandre': 254, 'olives': 307, 'poivron': 339, 'ail': 259, 'huile  olive': 979, 'gingembre': 333, 'piment de cayenne': 362, 'cannelle': 330, 'persil': 338, 'poivre rouge': 339, 'poisson blanc': 668, 'sel': 778, 'tomates': 364, 'gigembre': 333, 'piment fort': 362, 'oignons': 348}","{'cumin': 332, 'coriander': 254, 'olive': 307, 'pepper': 339, 'garlic': 259, 'olive oil': 979, 'ginger': 333, 'capsicum': 362, 'cinnamon ': 330, 'parsley': 338, 'pepper': 339, 'whitefish': 668, 'salt': 778, 'tomato': 364, 'ginger': 333, 'capsicum': 362, 'onion': 348} "," 'cumin','coriander','olive','pepper','garlic','olive oil','ginger','capsicum','cinnamon','parsley','pepper','whitefish','salt','tomato','ginger','capsicum','onion'",MAROC
4,"['Chien de mer au four ', '']",- poisson -   pommes de terre -    tomates - poivrons   - piment fort  -  huile -   persil  -    thym      -    laurier      -    poivre noir  -sel  -     coriandre  -    ail  -   cumin  -   poivre rouge -    piment fort   -sel -   huile  ,"{'cumin': 332, 'poivrons': 339, 'coriandre': 254, 'pommes de terre': 373, 'huile': 901, 'ail': 259, 'poisson': 151, 'sel': 778, 'thym': 269, 'poivre noir': 399, 'tomates': 364, 'poivre rouge': 339, 'piment fort': 362, 'persil': 338, 'laurier': 305}","{'cumin': 332, 'pepper': 339, 'coriander': 254, 'potato': 373, 'cooking oil': 901, 'garlic': 259, 'fish': 151, 'salt': 778, 'thyme': 269, 'pepper': 399, 'tomato': 364, 'pepper': 339, 'capsicum': 362, 'parsley': 338, 'laurel ': 305} ","'cumin','pepper','coriander','potato','cooking oil','garlic','fish','thyme','pepper','salt','tomato','pepper','capsicum','parsley','laurel'",MAROC
8,"[' Daurade en sauce (mqalli)', '']",- daurade  -   huile  olive  -   gingembre  -   safran  -   chermoula - citron    -  olives   -     coriandre  -    ail  -   cumin  -   poivre rouge -    piment fort   -sel -   huile  olive  ,"{'cumin': 332, 'olives': 307, 'coriandre': 254, 'piment fort': 362, 'daurade': 722, 'ail': 259, 'huile  olive': 979, 'gingembre': 333, 'safran': 340, 'oignon': 348, 'persil': 338, 'poivre rouge': 339, 'poivre noir': 399, 'citron': 240, 'farine': 920, 'sel': 778, 'huile': 901}","{'cumin': 332, 'olive': 307, 'coriander': 254, 'capsicum': 362, 'carp bream ': 722, 'garlic': 259, 'olive oil': 979, 'ginger': 333, 'saffron ': 340, 'onion': 348, 'parsley': 338, 'pepper': 339, 'white pepper': 399, 'lemon': 240, 'flour': 920, 'salt': 778, 'cooking oil': 901} ","'cumin','olive','coriander','capsicum','carp bream','garlic','olive oil','ginger','onion','parsley','pepper','white pepper','lemon','flour','salt','cooking oil'",MAROC
14,"[' Pageots à la tomate', '']",-   pageots  -   tomates  -    ail  -    huile  -   persil  -   gingembre  -  safran  -    piment fort    -    sel -   chermoula -écorces   citron    -  olives   -     coriandre  -    ail  -   huile  -   cumin  -   poivre rouge  -    piment fort   -    sel   ,"{'cumin': 332, 'pageots': 151, 'olives': 307, 'coriandre': 254, 'huile': 901, 'ail': 259, 'gingembre': 333, 'écorces   citron': 114, 'safran': 340, 'oignon': 348, 'persil': 338, 'poivre rouge': 339, 'poivre noir': 399, 'citron': 240, 'farine': 920, 'sel': 778, 'tomates': 364, 'piment fort': 362}","{'cumin': 332, 'fish': 151, 'olive': 307, 'coriander': 254, 'cooking oil': 901, 'garlic': 259, 'ginger': 333, 'lemon peel oil': 114, 'saffron ': 340, 'onion': 348, 'onion': 338, 'pepper': 339, 'white pepper': 399, 'lemon': 240, 'flour': 920, 'salt': 778, 'tomato': 364, 'capsicum': 362}"," 'cumin','fish','olive','coriander','cooking oil','garlic','ginger','lemon peel oil','saffron','onion','pepper','white pepper','lemon','flour','salt','tomato','capsicum'",MAROC
15,"[' Poisson farci au riz ', '']",- poisson     -   tomates  -   beurre -   riz  -   olives      -écorces de  citron    - piment fort -   coriandre  -    ail  -   huile  olive -   cumin  -   poivre rouge  -    piment fort    -    sel  -   eau   ,"{'cumin': 332, 'olives': 307, 'riz': 55, 'coriandre': 254, 'beurre': 60, 'eau': 794, 'ail': 259, 'huile  olive': 979, 'écorces de  citron': 114, 'poisson': 151, 'sel': 778, 'tomates': 364, 'poivre rouge': 339, 'piment fort': 362}","{'cumin': 332, 'olive': 307, 'rice': 55, 'coriander': 254, 'butter': 60, 'water': 794, 'garlic': 259, 'olive oil': 979, 'lemon peel oil': 114, 'fish': 151, 'salt': 778, 'tomato': 364, 'pepper': 339, 'capsicum': 362} ","'cumin','olive','butter','rice','garlic','olive oil','coriander','lemon peel oil','fish','salt','tomato','pepper','capsicum'",MAROC
18,"[' Rougets à la marocaine ', '']",-   rougets  -   huile  olive  - oignons  - œufs  -    poivre noir  -    safran  -    sel  ,"{'œufs': 0, 'huile  olive': 979, 'safran': 340, 'rougets': 151, 'sel': 778, 'poivre noir': 399, 'oignons': 348}","{'egg': 0, 'olive oil': 979, 'saffron ': 340, 'fish ': 151, 'salt': 778, 'white pepper': 399, 'onion': 348} "," 'egg','olive oil','saffron','fish','salt','white pepper','onion'",MAROC
4,"[' Salade de carotte cuite', '']",-   carottes -   huile  olives -    ail -    persil -   vinaigre -    poivre rouge -   cumin -   sel -   piment fort    ,"{'cumin': 332, 'carottes': 368, 'ail': 259, 'huile  olives': 979, 'sel': 778, 'poivre rouge': 339, 'piment fort': 362, 'persil': 338, 'vinaigre': 322}","{'cumin': 332, 'carrot ': 368, 'garlic': 259, 'olive oil': 979, 'salt': 778, 'pepper': 339, 'capsicum': 362, 'parsley': 338, 'vinegar ': 322} "," 'cumin','carrot','garlic','olive oil','salt','pepper','capsicum','parsley','vinegar'",MAROC
5,"["" Salade de carotte râpèe à l'orange"", '']",-   carotte - oranges -   eau de fleur  oranger -   sucre     - citron -   sel  ,"{'sucre': 781, 'sel': 778, 'carotte': 368, 'eau de fleur  oranger': 121, 'oranges': 194, 'citron': 240}","{'sugar': 781, 'salt': 778, 'carrot ': 368, 'neroli oil': 121, 'bitter orange': 194, 'lemon': 240}"," 'sugar','salt','carrot','neroli oil','bitter orange','lemon'",MAROC
6,"[' Salade de mauve', '']",-   mauve -   persil -   coriandre -    cèleri -    ail -   huile  olives -   poivre rouge -    piment fort   - citron   -   olives   -jus   citron -    sel  ,"{'cèleri': 329, 'coriandre': 254, 'olives': 307, 'ail': 259, 'citron': 240, 'mauve': 298, 'huile  olives': 979, 'jus   citron': 240, 'sel': 778, 'poivre rouge': 339, 'piment fort': 362, 'persil': 338}","{'celery ': 329, 'coriander ': 254, 'olive': 307, 'garlic': 259, 'lemon': 240, 'muskmallow': 298, 'olive oil': 979, 'lemon': 240, 'salt': 778, 'pepper': 339, 'capsicum': 362, 'parsley': 338} ","'celery','coriander','olive','garlic','lemon','muskmallow','olive oil','lemon','salt','pepper','capsicum','parsley'",MAROC
7,"[' Salade de tomates et poivrons crus', '']",-   poivrons -   tomates -   persil -   vinaigre -    ail -    cumin -   huile  olives -   poivre noir - piment vert -     sel  ,"{'cumin': 332, 'poivrons': 339, 'piment vert': 362, 'ail': 259, 'huile  olives': 979, 'sel': 778, 'poivre noir': 399, 'tomates': 364, 'persil': 338, 'vinaigre': 322}","{'cumin': 332, 'pepper': 339, 'capsicum': 362, 'garlic': 259, 'olive oil': 979, 'salt': 778, 'pepper': 399, 'tomato': 364, 'parsley': 338, 'vinegar ': 322} "," 'cumin','pepper','capsicum','garlic','olive oil','salt','pepper','tomato','parsley','vinegar'  ",MAROC
8,"[' Salade de tomates et poivrons cuits', '']",-   tomates -   poivrons -   piment fort -   persil   -   poivre rouge -    ail -  huile  olives - citrons   -sel  ,"{'poivrons': 339, 'citrons': 240, 'ail': 259, 'huile  olives': 979, 'sel': 778, 'tomates': 364, 'poivre rouge': 339, 'piment fort': 362, 'persil': 338}","{'pepper': 339, 'lemon': 240, 'garlic': 259, 'olive oil': 979, 'salt': 778, 'tomato': 364, 'pepper': 339, 'capsicum': 362, 'parsley': 338} ","'pepper','lemon','garlic','olive oil','salt','tomato','pepper','capsicum','parsley'",MAROC
9,"[' Salade de tomates et poivrons frits', '']",- poivrons - piments verts -   tomates - citron -    ail -   cumin  -   poivre noir -   sel -huile    ,"{'cumin': 332, 'poivrons': 339, 'huile': 901, 'ail': 259, 'piments verts': 362, 'sel': 778, 'poivre noir': 399, 'tomates': 364, 'citron': 240}","{'cumin': 332, 'pepper': 339, 'cooking oil': 901, 'garlic': 259, 'capsicum': 362, 'salt': 778, 'white pepper': 399, 'tomato': 364, 'lemon': 240}"," 'cumin','pepper','cooking oil','garlic','capsicum','salt','white pepper','tomato','lemon'",MAROC
10,"[' Salade de zaalouk', '']",-   aubergines -   courgettes -   poivrons -   tomates - piments verts -   huile -    ail -   poivre rouge -    sel  ,"{'poivrons': 339, 'huile': 901, 'aubergines': 387, 'ail': 259, 'courgettes': 968, 'piments verts': 362, 'sel': 778, 'tomates': 364, 'poivre rouge': 339}","{'pepper': 339, 'cooking oil': 901, 'eggplant ': 387, 'garlic': 259, 'green zucchini ': 968, 'capsicum': 362, 'salt': 778, 'tomato': 364, 'pepper': 339}  "," 'pepper','cooking oil','eggplant','garlic','green zucchini','capsicum','salt','tomato','pepper'",MAROC
4,"['chorba aux gombos ', '']",-      gombos -     fèves    -   oignons    -   graisse de khli'  -   viande -    poivre rouge -    piment fort   -    sel -    eau   ,"{'gombos': 347, 'eau': 794, 'viande': 276, 'sel': 778, 'fèves': 284, 'huile': 901, 'ail': 259, 'carvi': 326, 'poivre rouge': 339, 'poivre noir': 399, 'coriandre': 254, 'cumin': 332, 'Bœuf': 270, 'piment fort': 362, 'oignons': 348}","{'okra': 347, 'water': 794, 'meat': 276, 'salt': 778, 'beans': 284, 'cooking oil': 901, 'garlic': 259, 'caraway': 326, 'pepper': 339, 'white pepper': 399, 'coriander': 254, 'cumin': 332, 'beef': 270, 'capsicum': 362, 'onion': 348} ","'okra','water','meat','salt','beans','cooking oil','garlic','caraway','pepper','white pepper','coriander','cumin','beef'  ,  'capsicum','onion'",MAROC
9,"[' Artichauts farcis ', '']", -     agneau    -    artichauts    -    beurre  -    huile  -     farine  -     lait  -    gruyère    -    oignon   -  œuf    - poivre noir  - sel  -    persil     ,"{'farine': 920, 'huile': 901, 'beurre': 60, 'gruyère': 73, 'œuf': 0, 'agneau': 275, 'artichauts': 157, 'sel': 778, 'oignon': 348, 'lait': 88, 'poivre noir': 399, 'persil': 338}","{'flour': 920, 'cooking oil': 901, 'butter': 60, 'gruyere cheese': 73, 'egg': 0, 'lamb': 275, 'artichoke': 157, 'salt': 778, 'onion': 348, 'milk': 88, 'white pepper': 399, 'parsley': 338} ","'flour','cooking oil','butter','gruyere cheese','egg','lamb','artichoke','salt','onion','milk','white pepper','parsley'",MAROC
10,"["" Hrira au khli'"", '']",-   graisse de khli' -     fèvettes -   farine -   riz -   coriandre -    poivre rouge -   piment fort   -sel -jus   citron -   eau  ,"{'farine': 920, 'coriandre': 254, 'riz': 55, 'fèvettes': 284, 'eau': 794, 'jus   citron': 240, 'sel': 778, 'huile': 901, 'ail': 259, 'carvi': 326, 'poivre rouge': 339, 'poivre noir': 399, 'cumin': 332, 'Bœuf': 270, 'piment fort': 362}","{'flour': 920, 'coriander': 254, 'rice': 55, 'beans ': 284, 'water': 794, 'lemon': 240, 'salt': 778, 'cooking oil': 901, 'garlic': 259, 'caraway': 326, 'pepper': 339, 'white pepper': 399, 'cumin': 332, 'beef': 270, 'capsicum': 362}  ","'flour', 'coriander', 'rice', 'beans', 'water', 'lemon', 'salt', 'cooking oil', 'garlic', 'caraway', 'pepper', 'white pepper', 'cumin', 'beef','capsicum'  ",MAROC
11,"[' Harira de fès', 'Soupe de levain ', '']",-    agneau -   tomates -     pois chiches     -   oignon    -   smen -   huile  -   riz  -    levain -   coiandre  -   safran -    sel -    poivre noir  ,"{'riz': 55, 'huile': 901, 'coiandre': 254, 'safran': 340, 'agneau': 275, 'pois chiches': 417, 'smen': 60, 'sel': 778, 'oignon': 348, 'farine': 920, 'vinaigre': 322, 'pain': 2, 'eau': 794, 'poivre noir': 399, 'tomates': 364}","{'rice': 55, 'cooking oil': 901, 'coriander': 254, 'saffron': 340, 'lamb': 275, 'chickpea': 417, 'butter': 60, 'salt': 778, 'onion': 348, 'flour': 920, 'vinegar': 322, 'bread': 2, 'water': 794, 'white pepper': 399, 'tpmato': 364}"," 'rice','cooking oil','coriander','saffron','lamb','chickpea','butter','salt','onion','flour','vinegar','bread','water','white pepper','tomato'",MAROC
13,"[' Harira traditionnelle ', '']",-     mouton ou de bœuf  -   oignon   -   pois chiches    -   smen -    safran  -  gingembre  -   poivre noir -sel -   eau  -    tomates -     coriandre  -  riz  -   persil -jus de  citrons  -   levain - œuf  -   sel  ,"{'coriandre': 254, 'riz': 55, 'œuf': 0, 'gingembre': 333, 'safran': 340, 'mouton': 277, 'pois chiches': 417, 'smen': 60, 'sel': 778, 'oignon': 348, 'poivre noir': 399, 'jus de  citrons': 240, 'tomates': 364, 'eau': 794, 'farine': 920, 'vinaigre': 322, 'pain': 2, 'persil': 338}","{'coriander': 254, 'rice': 55, 'egg': 0, 'ginger': 333, 'saffron': 340, 'mouton': 277, 'chickpea': 417, 'butter': 60, 'salt': 778, 'onion': 348, 'white pepper': 399, 'lemon': 240, 'tomato': 364, 'water': 794, 'flour': 920, 'vinegar': 322, 'bread': 2, 'parsley': 338}"," 'coriander','rice','egg','ginger','saffron','mutton','chickpea','butter','salt','onion','white pepper','lemon','tomato','water','flour','vinegar','bread','parsley' ",MAROC
16,"[' Soupe de poissons (2)', '']",-   poissons   - œufs  -  huile  olive -   vermicelles  -   tomates    - pommes de terre -   persil  -   céleri -    poivre noir  -sel - citron  -    eau   ,"{'poissons': 151, 'œufs': 0, 'pommes de terre': 373, 'huile  olive': 979, 'vermicelles': 484, 'céleri': 329, 'poivre noir': 399, 'sel': 778, 'tomates': 364, 'eau': 794, 'citron': 240, 'persil': 338}","{'fish': 151, 'gg': 0, 'potato': 373, 'olive oil': 979, 'pasta': 484, 'celery': 329, 'white pepper': 399, 'salt': 778, 'tomato': 364, 'water': 794, 'lemon': 240, 'parsley': 338}"," 'fish','egg','potato','olive oil','pasta','celery','white pepper','salt','tomato','water','lemon','parsley'",MAROC
2,"[' Dinde mhammar ', '']",- dindonneau -   beurre  -   huile  - oignon    -    ail  -   coriandre  -   poivre rouge  -    cumin  -sel -   poivre noir   ,"{'dindonneau': 276, 'beurre': 60, 'huile': 901, 'oignon': 348, 'ail': 259, 'coriandre': 254, 'poivre rouge': 339, 'cumin': 332, 'sel': 778, 'poivre noir': 399}","{'meat': 276, 'butter': 60, 'cooking oil': 901, 'onion': 348, 'garlic': 259, 'coriander': 254, 'pepper': 339, 'cumin': 332, 'salt': 778, 'white pepper': 399}","'meat', 'butter', 'cooking oil', 'onion', 'garlic', 'coriander', 'pepper', 'cumin', 'salt', 'white pepper'",MAROC
4,"[' Lapin à la mrouzia ', '']",- lapin  - oignons      -   beurre  -   amandes  -   raisins    -   safran  -   ras lhanout -   cannelle  -sel  -    miel  -   eau de fleur  oranger   ,"{'lapin': 690, 'oignons': 348, 'beurre': 60, 'amandes': 281, 'raisins': 182, 'safran': 340, 'cumin': 332, 'gingembre': 333, 'sel': 778, 'poivre': 339, 'cannelle': 330, 'coriandre': 254, 'allspice': 375, 'clove': 331, 'piment': 362, 'miel': 315, 'eau de fleur  oranger': 121}","{'rabbit': 690, 'onion': 348, 'butter': 60, 'almond': 281, 'grape': 182, 'saffron': 340, 'cumin': 332, 'ginger': 333, 'salt': 778, 'pepper': 339, 'cinnamon': 330, 'coriander': 254, 'allspice': 375, 'clove': 331, 'capsicum': 362, 'honey': 315, 'neroli oil': 121}","'rabbit', 'onion', 'butter', 'almond', 'grape', 'saffron', 'cumin', 'ginger', 'salt', 'pepper', 'cinnamon', 'coriander', 'allspice', 'clove', 'capsicum', 'honey', 'neroli oil'",MAROC
7,"[' Perdreaux aux amandes (en sauce qadra) ', '']",- perdreaux  -   oignons    -   beurre  -   amandes    -   persil  -   safran  -    poivre noir  -    sel   ,"{'perdreaux': 276, 'oignons': 348, 'beurre': 60, 'amandes': 281, 'persil': 338, 'safran': 340, 'poivre noir': 399, 'sel': 778}","{'meat': 276, 'onion': 348, 'butter': 60, 'almond': 281, 'parsley': 338, 'saffron': 340, 'white pepper': 399, 'salt': 778}","'meat', 'onion', 'butter', 'almond', 'parsley', 'saffron', 'white pepper', 'salt'",MAROC
9,"[' Pigeonneaux aux amandes en sauce qadra ', '']",- pigeonneaux  -   beurre  -   oignons    -   persil  -   safran  -    poivre noir  -sel  -   amandes   ,"{'pigeonneaux': 276, 'beurre': 60, 'oignons': 348, 'persil': 338, 'safran': 340, 'poivre noir': 399, 'sel': 778, 'amandes': 281}","{'meat': 276, 'butter': 60, 'onion': 348, 'parsley': 338, 'saffron: 340, 'white pepper': 399, 'salt': 778, 'almond': 281}","'meat', 'butter', 'onion', 'parsley', 'saffron', 'white pepper', 'salt', 'almond'",MAROC
11,"[' Pigeonneaux aux coings ', '']",- pigeonneaux  -   coings -   huile  -   beurre  -   oignon   -    miel  -   safran  -    cannelle  -    poivre blanc  -  gingembre  -    sel  -   laurier  - écorces  orange  -citron   ,"{'pigeonneaux': 276, 'coings': 210, 'huile': 901, 'beurre': 60, 'oignon': 348, 'miel': 315, 'safran': 340, 'cannelle': 330, 'poivre blanc': 399, 'gingembre': 333, 'sel': 778, 'laurier': 305, 'écorces  orange': 122, 'citron': 240}","{'meat': 276, 'quince': 210, 'cooking oil': 901, 'butter': 60, 'onion': 348, 'honey': 315, 'saffron': 340, 'cinnamon': 330, 'white pepper': 399, 'ginger': 333, 'salt': 778, 'laurel': 305, 'orange oil': 122, 'lemon': 240}","'meat', 'quince', 'cooking oil', 'butter', 'onion', 'honey', 'saffron', 'cinnamon', 'white pepper', 'ginger', 'salt', 'laurel', 'orange oil','lemon'",MAROC
12,"[' Poulet aux amandes et aux graines de sésame ', '']",-     - oignon      -   tomates  -   smen  -   amandes    -   beurre -   graines de sésame  -   miel  -     safran  -   cannelle  -  gingembre  -  poivre noir  -  sel   ,"{'oignon': 348, 'tomates': 364, 'smen': 60, 'amandes': 281, 'beurre': 60, 'graines de sésame': 299, 'miel': 315, 'safran': 340, 'cannelle': 330, 'gingembre': 333, 'poivre noir': 399, 'sel': 778}","{'onion': 348, 'tomato': 364, 'butter': 60, 'almond': 281, 'butter': 60, 'sesame': 299, 'honey': 315, 'saffron': 340, 'cinnamon': 330, 'ginger': 333, 'white pepper': 399, 'salt': 778}","'onion', 'tomato', 'butter', 'almond', 'butter', 'sesame', 'honey', 'saffron', 'cinnamon', 'ginger', 'white pepper', 'salt'",MAROC
13,"[' Poulet aux amandes et aux oignons en sauce qadra ', '']",-  -   amandes  -   oignon  -   beurre  -   persil  -   safran  -    poivre noir  -sel   ,"{'amandes': 281, 'oignon': 348, 'beurre': 60, 'persil': 338, 'safran': 340, 'poivre noir': 399, 'sel': 778}","{'almond': 281, 'onion': 348, 'butter': 60, 'parsley': 338, 'saffron': 340, 'white pepper': 399, 'salt': 778}","'almond' , 'onion', 'butter', 'parsley', 'saffron', 'white pepper', 'salt'",MAROC
15,"[' Poulet aux aubergines à la marocaine ', '']",-  -   aubergines  -   huile  - oignon      -    ail  - citrons  -   farine  -   safran  -    gingembre  -    poivre noir  -sel  -huile     ,"{'aubergines': 387, 'huile': 901, 'oignon': 348, 'ail': 259, 'citrons': 240, 'farine': 920, 'safran': 340, 'gingembre': 333, 'poivre noir': 399, 'sel': 778}","{'eggplant': 387, 'cooking oil': 901, 'onion': 348, 'garlic': 259, 'lemon': 240, 'flour': 920, 'saffron': 340, 'ginger': 333, 'white pepper': 399, 'salt': 778}","'eggplant', 'cooking oil', 'onion', 'garlic', 'lemon', 'flour', 'saffron', 'ginger', 'white pepper', 'salt'",MAROC
18,"[' Poulet farci au couscous ', '']",- poulets    - oignons      -   beurre  -   poivre blanc -   gingembre  -   cannelle  -    sel  -    cannelle  -   miel  -    safran  -   couscous    -   amandes    -   raisins    -   ras lhanout  -    cannelle  -  poivre noir  -    safran  -sel  -beurre    -sucre      -   eau de fleur  oranger   ,"{'poulets': 272, 'oignons': 348, 'beurre': 60, 'poivre blanc': 399, 'gingembre': 333, 'cannelle': 330, 'sel': 778, 'miel': 315, 'safran': 340, 'couscous': 864, 'amandes': 281, 'raisins': 182, 'cumin': 332, 'poivre': 339, 'coriandre': 254, 'allspice': 375, 'clove': 331, 'piment': 362, 'poivre noir': 399, 'sucre': 781, 'eau de fleur  oranger': 121}","{'chicken': 272, 'onion': 348, 'butter': 60, 'white pepper': 399, 'ginger': 333, 'cinnamon': 330, 'salt': 778, 'honey': 315, 'saffron': 340, 'couscous': 864, 'almond': 281, 'grape': 182, 'cumin': 332, 'pepper': 339, 'coriander': 254, 'allspice': 375, 'clove': 331, 'capsicum': 362, 'white pepper': 399, 'sugar': 781, 'neroli oil: 121}","'chicken', 'onion', 'butter', 'white pepper' ,'ginger', 'cinnamon', 'salt', 'honey', 'saffron', 'couscous', 'almond', 'grape', 'cumin', 'pepper', 'coriander', 'allspice', 'clove', 'capsicum', 'white pepper', 'sugar', 'neroli oil'",MAROC
19,"[' Poulet au four ""souiri"" ', '']",-  - oignons      - œufs  -   beurre  -     persil  -   safran  -  cumin  -   poivre rouge -   cannelle  -   cannelle      -    poivre noir  -   sel  -jus   citron   ,"{'oignons': 348, 'œufs': 0, 'beurre': 60, 'persil': 338, 'safran': 340, 'cumin': 332, 'poivre rouge': 339, 'cannelle': 330, 'poivre noir': 399, 'sel': 778, 'jus   citron': 240}","{'onion': 348, ' egg': 0, 'butter': 60, 'parsley': 338, 'saffron': 340, 'cumin': 332, 'pepper': 339, 'cinnamon': 330, 'white pepper': 399, 'salt': 778, 'lemon': 240}","'onion', 'egg', 'butter', 'parsley', 'saffron', 'cumin', 'pepper', 'cinnamon', 'white pepper', 'salt', 'lemon'",MAROC
20,"[' Poulet mcharmal frit aux oeufs ', '']",-   -   oignons    - pommes de terre    - œufs  -   persil  -   huile  -   beurre  -   safran  -   poivre noir  -   cannelle  -    poivre rouge  -   cumin  -    cannelle      -sel  - citron   ,"{'oignons': 348, 'pommes de terre': 373, 'œufs': 0, 'persil': 338, 'huile': 901, 'beurre': 60, 'safran': 340, 'poivre noir': 399, 'cannelle': 330, 'poivre rouge': 339, 'cumin': 332, 'sel': 778, 'citron': 240}","{'onion: 348, 'potato': 373, 'egg': 0, 'parsley': 338, 'cooking oil': 901, 'butter': 60, 'saffron': 340, 'white pepper': 399, 'cinnamon': 330, 'pepper': 339, 'cumin': 332, 'salt': 778, 'lemon': 240}","'onion', 'potato', 'egg', 'parsley', 'cooking oil', 'butter', 'saffron', 'white pepper', 'cinnamon', 'pepper', 'cumin', 'salt', 'lemon'",MAROC
21,"[' Poulet mfenned ', '']",-   - œufs  -    ail  - oignon      -   beurre  -   coriandre  -    safran    -    poivre noir  -   gingembre  -  cumin  -    sel   ,"{'œufs': 0, 'ail': 259, 'oignon': 348, 'beurre': 60, 'coriandre': 254, 'safran': 340, 'poivre noir': 399, 'gingembre': 333, 'cumin': 332, 'sel': 778}","{'egg': 0, 'garlic': 259, 'onion': 348, 'butter': 60, 'coriander': 254, 'saffron': 340, 'white pepper': 399, 'ginger': 333, 'cumin': 332, 'salt': 778}","'egg', 'garlic', 'onion', 'butter', 'coriander', 'saffron', 'white pepper', 'ginger', 'cumin', 'salt'",MAROC
22,"[' Poulet mqalli aux citrons confits ', '']",-  -   oignons    -    ail  -   beurre  -   huile  arachide -   huile  olive  -   safran  -   gingembre  -sel  - citrons    -  olives    ,"{'oignons': 348, 'ail': 259, 'beurre': 60, 'huile  arachide': 319, 'huile  olive': 979, 'safran': 340, 'gingembre': 333, 'sel': 778, 'citrons': 240, 'olives': 307}","{'onion': 348, 'garlic': 259, 'butter': 60, 'peanut oil': 319, 'olive oil': 979, 'saffron': 340, 'ginger': 333, 'salt': 778, 'lemon': 240, 'olive': 307}","'onion', 'garlic', 'butter', 'peanut oil', 'olive oil', 'saffron', 'ginger', 'salt', 'lemon', 'olive'",MAROC
27,"[' Poulet roti aux amandes ', 'Djedj mhammar bal-louz ', '']", -  poulets    -    oignons    -    beurre  -     ail -    safran  -    gingembre  -     poivre noir  -     cannelle  -     sel  -    coriandre  -  citron  -    amandes    -   huile  -   beurre -  œufs    ,"{'poulets': 272, 'oignons': 348, 'beurre': 60, 'ail': 259, 'safran': 340, 'gingembre': 333, 'poivre noir': 399, 'cannelle': 330, 'sel': 778, 'coriandre': 254, 'citron': 240, 'amandes': 281, 'huile': 901, 'œufs': 0}","{'chicken': 272, 'onion': 348, 'butter': 60, 'garlic': 259, 'saffron': 340, 'ginger': 333, 'white pepper': 399, 'cinnamon': 330, 'salt': 778, 'coriander': 254, 'lemon': 240, 'almond': 281, 'cooking oil': 901, 'egg': 0}","'chicken', 'onion', 'butter', 'garlic', 'saffron', 'ginger', 'white pepper', 'cinnamon', 'salt', 'coriander', 'lemon', 'almond', 'cooking oil', 'egg'",MAROC
28,"[' Poulet aux pruneaux et au miel  ', '']",-       -   pruneaux    -   amandes    -   beurre  -   miel  -   sésame  -   safran  -   oignons    -   coriandre  -  gingembre  -   cannelle  -    cannelle   -  sel  -   poivre noir  -   eau de fleur  oranger   ,"{'pruneaux': 207, 'amandes': 281, 'beurre': 60, 'miel': 315, 'sésame': 299, 'safran': 340, 'oignons': 348, 'coriandre': 254, 'gingembre': 333, 'cannelle': 330, 'sel': 778, 'poivre noir': 399, 'eau de fleur  oranger': 121}","{'plum': 207, 'almond': 281, 'butter': 60, 'honey': 315, 'sesame': 299, 'saffron': 340, 'onion': 348, 'coriander': 254, 'ginger': 333, 'cannelle': 330, 'salt': 778, 'white pepper': 399, 'neroli oil': 121}","'plum', 'almond', 'butter', 'honey', 'sesame', 'saffron', 'onion', 'coriander', 'ginger', 'cinnamon', 'salt', 'white pepper', 'neroli oil'",MAROC
6,"["" œufs à la viande de conserve (khli')"", '']",- œufs  -    viande -    graisse de khli'  ,"{'œufs': 0, 'viande': 276, 'huile': 901, 'ail': 259, 'carvi': 326, 'poivre rouge': 339, 'poivre noir': 399, 'coriandre': 254, 'cumin': 332, 'sel': 778, 'Bœuf': 270}","{'egg': 0, 'meat': 276, 'cooking oil': 901, 'garlic': 259, 'caraway': 326, 'pepper': 339, 'white pepper': 399, 'coriander': 254, 'cumin': 332, 'salt': 778, 'beef': 270}","'egg', 'meat', 'cooking oil', 'garlic', 'caraway', 'pepper', 'white pepper', 'coriander', 'cumin', 'salt', 'beef'",MAROC
1,"[' Acida marocaine', '']",-     semoule -    beurre -miel -sel -eau  ,"{'miel': 315, 'beurre': 60, 'sel': 778, 'semoule': 869, 'eau': 794}","{'honey': 315, 'butter': 60, 'salt': 778, 'semolina': 869, 'water': 794}","'honey', 'butter', 'salt', 'semolina', 'water'",MAROC
4,"[' Couscous ceffa', 'mesfouf', '']",-   couscous     -   beurre -    sel -  cannelle -sucre      ,"{'sucre': 781, 'couscous': 864, 'beurre': 60, 'cannelle': 330, 'sel': 778}","{'sugar': 781, 'couscous': 864, 'butter': 60, 'cinnmon': 330, 'salt': 778}","'sugar', 'couscous', 'butter', 'cinnamon', 'salt'",MAROC
7,"[' Couscous bidaoui', '']",-   couscous   -     mouton -   oignons  -   tomates -   chou  -   courges -   navets -   carottes -   pois chiches   - piment fort -     coriandre -   beurre -  huile -   safran -   poivre noir -    sel  ,"{'navets': 358, 'coriandre': 254, 'couscous': 864, 'beurre': 60, 'huile': 901, 'carottes': 368, 'oignons  ': 348, 'safran': 340, 'mouton': 277, 'pois chiches': 417, 'sel': 778, 'poivre noir': 399, 'tomates': 364, 'piment fort': 362, 'courges': 526, 'chou': 353}","{'turnip': 358, 'coriander': 254, 'couscous': 864, 'butter': 60, 'cooking oil': 901, 'carrot': 368, 'onion  ': 348, 'saffron': 340, 'mutton': 277, ' chickpea': 417, 'salt': 778, 'white pepper': 399, 'tomato': 364, 'capsicum': 362, 'butternut squash': 526, 'cabbage': 353}","'turnip', 'coriander', 'couscous', 'butter', 'cooking oil', 'carrot', 'onion', 'saffron', 'mutton', 'chickpea', 'salt', 'white pepper', 'tomato', 'capsicum', 'butternut squash', 'cabbage'",MAROC
11,"[' Couscous aux oignons et au miel ', '']",-   couscous   - poulet   ou      mouton -    oignons  -   beurre -   miel -   safran  - cannelle -   poivre noir -   cannelle   -   sel  ,"{'miel': 315, 'couscous': 864, 'beurre': 60, 'poulet': 272, 'oignons ': 348, 'safran': 340, 'cannelle': 330, 'sel': 778, 'poivre noir': 399}","{'honey': 315, 'couscous': 864, 'butter': 60, 'chicken': 272, 'onion': 348, 'saffron': 340, 'cinnamon': 330, 'salt': 778, 'pepper': 399}","'honey', 'couscous', 'butter', 'chicken', 'onion', 'saffron', 'cinnamon', 'salt', 'pepper'",MAROC
12,"[' Couscous saycouk', '']",-   couscous     -   beurre -     sel -    lben  ,"{'lben': 788, 'sel': 778, 'couscous': 864, 'beurre': 60}","{'whey': 788, 'salt': 778, 'couscous': 864, 'butter': 60}","'whey', 'salt', 'couscous', 'butter'",MAROC
13,"[' Couscous aux raisins secs et pois chiches', '']",-   couscous   - poulet   ou      mouton -   oignons -   pois chiches   -   raisins   -   beurre -   safran -    poivre noir -   sel  ,"{'couscous': 864, 'beurre': 60, 'poulet': 272, 'safran': 340, 'pois chiches': 417, 'sel': 778, 'poivre noir': 399, 'raisins ': 182, 'oignons': 348}","{'couscous': 864, 'butter': 60, 'chicken': 272, 'saffron': 340, 'chickpea': 417, 'salt': 778, 'white pepper': 399, 'grape ': 182, 'onion': 348}","'couscous', 'butter', 'chicken', 'saffron', 'chickpea', 'salt', 'white pepper', 'grape', 'onion'",MAROC
15,"["" Couscous à la viande de conserve (khli')"", '']",-   couscous   -   viande -   oignons - tomates -   choux -   courges -   carottes - pommes de terre -   fèvettes - piment fort -   beurre -   safran -   poivre noir -   poivre rouge -   sel  ,"{'pommes de terre': 373, 'couscous': 864, 'fèvettes': 284, 'viande': 276, 'carottes': 368, 'oignons ': 348, 'beurre': 60, 'safran': 340, 'poivre rouge': 339, 'poivre noir': 399, 'sel': 778, 'tomates': 364, 'choux': 353, 'piment fort': 362, 'courges': 526}","{'potato': 373, 'couscous': 864, 'beans': 284, 'meat': 276, 'carrot': 368, 'onion': 348, 'butter': 60, 'saffron': 340, 'pepper': 339, 'white pepper': 399, 'salt': 778, 'tomato': 364, 'cabbage': 353, 'capsicum': 362, 'butternut squash': 526}","'potato', 'couscous', 'beans', 'meat', 'carrot', 'onion', 'butter', 'saffron', 'pepper', 'white pepper', 'salt', 'tomato', 'cabbage', 'capsicum', 'butternut squash'",MAROC
31,"[' Riz à la vapeur', '']", -   riz -   beurre -   huile -sel  ,"{'riz': 55, 'sel': 778, 'huile': 901, 'beurre': 60}","{'rice': 55, 'salt': 778, 'cooking oil': 901, 'butter': 60}","'rice', 'salt', 'cooking oil', 'butter'",MAROC
35,"[' Vermicelles au lait', '']",-   vermicelles -   eau -    lait  -   beurre -   sel -   sucre     -     eau de fleur  oranger   ,"{'sucre': 781, 'beurre': 60, 'vermicelles': 484, 'sel': 778, 'lait': 88, 'eau de fleur  oranger': 121, 'eau': 794}","{'sugar': 781, 'butter': 60, 'pasta': 484, 'salt': 778, 'milk': 88, 'neroli oil': 121, 'water': 794}","'sugar', 'butter', 'pasta', 'salt', 'milk', 'neroli oil', 'water'",MAROC
4,"[' Tajine de kebab medfi en sauce', '']",-      mouton -   beurre -   persil -   oignons  s -   vinaigre -    sel -    piment fort    ,"{'beurre': 60, 'oignons ': 348, 'mouton': 277, 'sel': 778, 'piment fort': 362, 'persil': 338, 'vinaigre': 322}","{'butter': 60, 'onion ': 348, 'mutton': 277, 'salt': 778, 'capsicum': 362, 'parsley': 338, 'vinegar': 322}","'butter', 'onion', 'mutton', 'salt', 'capsicum', 'parsley', 'vinegar'",MAROC
10,"[' Mloukhia', '']",-     bœuf  -    huile  olive -   mouloukhia     -   tabel -    ail  -    menthe -     sel   -   laurier  ,"{'tabel': 254, 'huile  olive': 979, 'ail': 259, 'mouloukhia': 575, 'sel': 778, 'menthe': 262, 'bœuf': 270, 'laurier': 305}","{'coriander': 254, 'olive oil': 979, 'garlic': 259, 'jute': 575, 'salt': 778, 'mint': 262, 'beef': 270, 'laurel': 305}","'coriander', 'olive oil', 'garlic', 'jute', 'salt', 'mint', 'beef', 'laurel'",MAROC
19,"[' Tajine kebab', '']",-      mouton -   oignon   -    ail -   beurre -   persil -   poivre rouge -sel -  œufs - citrons    ,"{'œufs': 0, 'citrons': 240, 'beurre': 60, 'ail': 259, 'mouton': 277, 'sel': 778, 'oignon': 348, 'poivre rouge': 339, 'persil': 338}","{'egg': 0, 'lemon': 240, 'butter': 60, 'garlic': 259, 'mutton': 277, 'salt': 778, 'onion': 348, 'pepper': 339, 'parsley': 338}","'egg', 'lemon', 'butter', 'garlic', 'mutton', 'salt', 'onion', 'pepper', 'parsley'",MAROC
22,"[' Tajine kebab maghdour aux œufs', '']",-      mouton -   beurre - œufs -   farine -    poivre rouge -   cumin -    piment fort   -sel  ,"{'cumin': 332, 'farine': 920, 'œufs': 0, 'beurre': 60, 'mouton': 277, 'sel': 778, 'poivre rouge': 339, 'piment fort': 362}","{'cumin': 332, 'flour': 920, 'egg': 0, 'butter': 60, 'mutton': 277, 'salt': 778, 'pepper': 339, 'capsicum': 362}","'cumin', 'flour', 'egg', 'butter', 'mutton', 'salt', 'pepper', 'capsicum'",MAROC
25,"[' Tajine de viande aux amondes et aux pois chiches', '']",-    agneau -   pois chiches   -   amandes   -  oignons   -   persil -   beurre -   safran -    poivre noir -   cannelle -    sel -jus   citron  ,"{'beurre': 60, 'oignons  ': 348, 'safran': 340, 'cannelle': 330, 'amandes': 281, 'agneau': 275, 'pois chiches': 417, 'jus   citron': 240, 'sel': 778, 'poivre noir': 399, 'persil': 338}","{'butter': 60, 'onion ': 348, 'saffron': 340, 'cinnamon': 330, 'almond': 281, 'lamb': 275, 'chickpea': 417, 'lemon': 240, 'salt': 778, 'white pepper': 399, 'parsley': 338}","'butter', 'onion', 'saffron', 'cinnamon', 'almond', 'lamb', 'chickpea', 'lemon', 'salt', 'white pepper', 'parsley'",MAROC
26,"[' Tajine de viande aux artichauts et petits pois', '']",-    agneau -   artichauts -      pois   - oignon     -   huile -    ail -   safran -    gingembre -   poivre noir -    sel - citron   -   olives    ,"{'olives': 307, 'huile': 901, 'ail': 259, 'gingembre': 333, 'citron': 240, 'safran': 340, 'agneau': 275, 'artichauts': 157, 'sel': 778, 'oignon': 348, 'poivre noir': 399, 'pois': 288}","{'olive': 307, 'cooking oil': 901, 'garlic': 259, 'ginger': 333, 'lemon': 240, 'saffron': 340, 'lamb': 275, 'artichoke': 157, 'salt': 778, 'onion': 348, 'white pepper': 399, 'peas': 288}","'olive', 'cooking oil', 'garlic', 'ginger', 'lemon', 'saffron', 'lamb', 'artichoke', 'salt', 'onion', 'white pepper', 'peas'",MAROC
27,"[' Tajine de viande aux carottes', '']",-    agneau -   carottes - oignons     -   huile -    ail -   coriandre -   safran -    gingembre -   poivre noir -    sel - citron   -   olives    ,"{'coriandre': 254, 'olives': 307, 'huile': 901, 'carottes': 368, 'oignons  ': 348, 'ail': 259, 'gingembre': 333, 'safran': 340, 'agneau': 275, 'sel': 778, 'poivre noir': 399, 'citron': 240}","{'coriander': 254, 'olive': 307, 'cooking oil': 901, 'carrot': 368, 'onion ': 348, 'garlic': 259, 'ginger': 333, 'saffron': 340, 'lamb': 275, 'salt': 778, 'white pepper': 399, 'lemon': 240}","'coriander', 'olive', 'cooking oil', 'carrot', 'onion', 'garlic', 'ginger', 'saffron', 'lamb', 'salt', 'white pepper', 'lemon'",MAROC
28,"[' Tajine de viande aux cardons', '']",-    veau  -    cardons -   huile  olive -   oignon   -    ail -   gingembre -    poivre noir -    sel -   safran - citrons   -   olives    ,"{'olives': 307, 'citrons': 240, 'ail': 259, 'huile  olive': 979, 'cardons': 527, 'gingembre': 333, 'safran': 340, 'mouton': 277, 'sel': 778, 'oignon': 348, 'poivre noir': 399}","{'olive': 307, 'lemon': 240, 'garlic': 259, 'olive oil ': 979, 'cardoon': 527, 'ginger': 333, 'saffron': 340, 'mutton': 277, 'salt': 778, 'onion': 348, 'white pepper': 399}","'olive', 'lemon', 'garlic', 'olive oil', 'cardoon', 'ginger', 'saffron', 'mutton', 'salt', 'onion', 'white pepper'",MAROC
30,"[' Tajine de viande aux choux fleurs', '']",- chou fleur -   huile - oignons   -   persil -   coriandre -   farine -jus   citron -   safran  -   gingembre -   poivre rouge -   poivre noir -   cumin -    sel  ,"{'cumin': 332, 'farine': 920, 'coriandre': 254, 'huile': 901, 'oignons  ': 348, 'gingembre': 333, 'jus   citron': 240, 'safran': 340, 'chou fleur': 354, 'sel': 778, 'poivre noir': 399, 'poivre rouge': 339, 'persil': 338}","{'cumin': 332, 'flour': 920, 'coriander': 254, 'cooking oil': 901, 'onion': 348, 'ginger': 333, 'lemon': 240, 'saffron': 340, 'cauliflower': 354, 'salt': 778, 'white pepper': 399, 'pepper': 339, 'parsley': 338}","'cumin', 'flour', 'coriander', 'cooking oil', 'onion', 'ginger', 'lemon', 'saffron', 'cauliflower', 'salt', 'white pepper', 'pepper', 'parsley'",MAROC
31,"['Tajine de viande aux coigns', '']",-     mouton -    coings -   beurre -   huile - oignons    -   safran  -    gingembre -    poivre noir -    sel  ,"{'coings': 210, 'huile': 901, 'beurre': 60, 'oignons  ': 348, 'gingembre': 333, 'safran': 340, 'mouton': 277, 'sel': 778, 'poivre noir': 399}","{'quince': 210, 'cooking oil': 901, 'butter': 60, 'onion ': 348, 'ginger': 333, 'saffron': 340, 'mutton': 277, 'salt': 778, 'white pepper': 399}","'quince', 'cooking oil', 'butter', 'onion', 'ginger', 'saffron', 'mutton', 'salt', 'white pepper'",MAROC
33,"[' Tajine de viande au fenouil (mqalli)', '']",-     mouton -    fenouil - oignon     -    ail -   huile -   farine -   safran -   gingembre -    sel - citrons   -   olives    ,"{'farine': 920, 'olives': 307, 'citrons': 240, 'huile': 901, 'fenouil': 257, 'ail': 259, 'gingembre': 333, 'safran': 340, 'mouton': 277, 'sel': 778, 'oignon': 348}","{'flour': 920, 'olive': 307, 'lemon': 240, 'cooking oil': 901, 'fennel': 257, 'garlic': 259, 'ginger': 333, 'saffron': 340, 'mutton': 277, 'salt': 778, 'onion': 348}","'flour', 'olive', 'lemon', 'cooking oil', 'fennel', 'garlic', 'ginger', 'saffron', 'mutton', 'salt', 'onion'",MAROC
35,"[' Tajine de viande aux fèves', '']",-     mouton -    fèves   -   huile - oignon     -    ail -   coriandre -   safran -    poivre noir -    gingembre -    sel - citron   -   olives      ,"{'coriandre': 254, 'olives': 307, 'huile': 901, 'ail': 259, 'gingembre': 333, 'safran': 340, 'mouton': 277, 'sel': 778, 'oignon': 348, 'fèves': 284, 'poivre noir': 399, 'citron': 240}","{'coriander': 254, 'olive': 307, 'cooking oil': 901, 'garlic': 259, 'ginger': 333, 'saffron': 340, 'mutton': 277, 'salt': 778, 'onion': 348, 'beans': 284, 'white pepper': 399, 'lemon': 240}","'coriander', 'olive', 'cooking oil', 'garlic', 'ginger', 'saffron', 'mutton', 'salt', 'onion', 'beans', 'white pepper', 'lemon'",MAROC
38,"[' Tajine de viande aux haricots verts (mqalli)', '']",-    agneau -   haricots verts -   huile  -   farine -   safran -   gingembre -    sel -jus   citron - citron   -   olives    ,"{'haricots verts': 342, 'farine': 920, 'olives': 307, 'huile': 901, 'gingembre': 333, 'safran': 340, 'jus   citron': 240, 'agneau': 275, 'sel': 778, 'citron': 240}","{'green beans': 342, 'flour': 920, 'olive': 307, 'cooking oil': 901, 'ginger': 333, 'saffron': 340, 'lemon': 240, 'lamb': 275, 'salt': 778, 'lemon': 240}","'green beans', 'flour', 'olive', 'cooking oil', 'ginger', 'saffron', 'lemon', 'lamb', 'salt', 'lemon'",MAROC
39,"[' Tajine de viande aux mcharmel', '']",-      mouton - oignons    -    ail -   huile -    smen -   persil -    sel -   gingembre -   safran -    cumin -    poivre rouge -    poivre noir -   cannelle -jus   citron - citrons   -   olives    ,"{'cumin': 332, 'olives': 307, 'citrons': 240, 'huile': 901, 'ail': 259, 'oignons  ': 348, 'gingembre': 333, 'safran': 340, 'cannelle': 330, 'mouton': 277, 'jus   citron': 240, 'smen': 60, 'sel': 778, 'poivre noir': 399, 'poivre rouge': 339, 'persil': 338}","{'cumin': 332, 'olive': 307, 'lemon': 240, 'cooking oil': 901, 'garlic': 259, 'onion': 348, 'ginger': 333, 'saffron': 340, 'cinnamon': 330, 'mutton': 277, 'lemon': 240, 'butter': 60, 'salt': 778, 'white pepper': 399, 'pepper': 339, 'parsley': 338}","'cumin', 'olive', 'lemon', 'cooking oil', 'garlic', 'onion', 'ginger', 'saffron', 'cinnamon', 'mutton', 'lemon', 'butter', 'salt', 'white pepper', 'pepper', 'parsley'",MAROC
40,"[' Tajine de viande mhammar aux amandes', '']",-      mouton -   beurre -    ail -   oignons   -   farine -   coriandre -   safran -    sel -    gingembre -   cumin -   poivre rouge -   amandes   -  huile -   beurre  ,"{'cumin': 332, 'farine': 920, 'coriandre': 254, 'huile': 901, 'beurre': 60, 'ail': 259, 'oignons ': 348, 'gingembre': 333, 'safran': 340, 'mouton': 277, 'amandes': 281, 'sel': 778, 'poivre rouge': 339}","{'cumin': 332, 'flour': 920, 'coriander': 254, 'cooking oil': 901, 'butter': 60, 'garlic': 259, 'onion': 348, 'ginger': 333, 'saffron': 340, 'mutton': 277, 'almond': 281, 'salt': 778, 'pepper': 339}","'cumin', 'flour', 'coriander', 'cooking oil', 'butter', 'garlic', 'onion', 'ginger', 'saffron', 'mutton', 'almond', 'salt', 'pepper'",MAROC
41,"[' Tajine de viande mhammar aux pommes de terre', '']",-      mouton -   beurre -    ail -   oignons  -   farine -   coriandre -  huile -   beurre -   safran -    sel -    gingembre -   cumin -   poivre rouge -   pommes de terre -  huile -   beurre  ,"{'cumin': 332, 'farine': 920, 'coriandre': 254, 'pommes de terre': 373, 'huile': 901, 'beurre': 60, 'ail': 259, 'oignons  ': 348, 'gingembre': 333, 'safran': 340, 'mouton': 277, 'sel': 778, 'poivre rouge': 339}","{'cumin': 332, 'flour': 920, 'coriander': 254, 'potato': 373, 'cooking oil': 901, 'butter': 60, 'garlic': 259, 'onion ': 348, 'ginger': 333, 'saffron': 340, 'mutton': 277, 'salt': 778, 'pepper': 339}","'cumin', 'flour', 'coriander', 'potato', 'cooking oil', 'butter', 'garlic', 'onion', 'ginger', 'saffron', 'mutton', 'salt', 'pepper'",MAROC
42,"[' Tajine de viande mqalli', '']",-     agneau -   oignons   -    ail -   huile -   beurre -   farine -   safran -   gigembre -sel - citron   -   olives    ,"{'farine': 920, 'olives': 307, 'huile': 901, 'beurre': 60, 'ail': 259, 'oignons  ': 348, 'safran': 340, 'agneau': 275, 'sel': 778, 'gingembre': 333, 'citron': 240}","{'flour': 920, 'olive': 307, 'cooking oil': 901, 'butter': 60, 'garlic': 259, 'onion ': 348, 'saffron': 340, 'lamb': 275, 'salt': 778, 'ginger': 333, 'lemon': 240}","'flour', 'olive', 'cooking oil', 'butter', 'garlic', 'onion', 'saffron', 'lamb', 'salt', 'ginger', 'lemon'",MAROC
43,"[' Tajine de viande mhammar (sauce rouge)', '']",-      mouton -   beurre -    ail -   oignons   -   farine -   coriandre -   safran -    gingembre -   cumin -   poivre rouge -    sel -  huile -   beurre  ,"{'cumin': 332, 'farine': 920, 'coriandre': 254, 'huile': 901, 'beurre': 60, 'ail': 259, 'oignons  ': 348, 'gingembre': 333, 'safran': 340, 'mouton': 277, 'sel': 778, 'poivre rouge': 339}","{'cumin': 332, 'flour': 920, 'coriander': 254, 'cooking oil': 901, 'butter': 60, 'garlic': 259, 'onion': 348, 'ginger': 333, 'saffron': 340, 'mutton': 277, 'salt': 778, 'pepper': 339}","'cumin', 'flour', 'coriander', 'cooking oil', 'butter', 'garlic', 'onion', 'ginger', 'saffron', 'mutton', 'salt', 'pepper'",MAROC
46,"[' Tajine de viande au riz et aux pois chiches', '']",-     mouton -   riz -   pois chiches   -   oignons  -     persil -    coriandre -   beurre -   safran -   poivre noir -    sel -jus   citron  ,"{'riz': 55, 'coriandre': 254, 'beurre': 60, 'oignons  ': 348, 'safran': 340, 'jus   citron': 240, 'mouton': 277, 'pois chiches': 417, 'sel': 778, 'poivre noir': 399, 'persil': 338}","{'rice': 55, 'coriander': 254, 'butter': 60, 'onion': 348, 'saffron': 340, 'lemon': 240, 'mutton': 277, 'chickpea': 417, 'salt': 778, 'white pepper': 399, 'parsley': 338}","'rice', 'coriander', 'butter', 'onion', 'saffron', 'lemon', 'mutton', 'chickpea', 'salt', 'white pepper', 'parsley'",MAROC
47,"[' Tajine de viande aux olives ""meslalla""', '']",- èpaule -  huile - oignons  -   olives  -   coriandre -    ail - citrons   -   amandes   - œufs   -   safran -   gingembre -   cannelle -     sel -   poivre noir -   beurre  ,"{'olives': 307, 'coriandre': 254, 'huile': 901, 'citrons': 240, 'œufs': 0, 'ail': 259, 'oignons  ': 348, 'gingembre': 333, 'beurre': 60, 'safran': 340, 'cannelle': 330, 'amandes': 281, 'èpaule  ': 276, 'sel': 778, 'poivre noir': 399}","{'olive': 307, 'coriander': 254, 'cooking oil': 901, 'lemon': 240, 'egg': 0, 'garlic': 259, 'onion  ': 348, 'ginger': 333, 'butter': 60, 'saffron': 340, 'cinnamon': 330, 'almond': 281, 'meat  ': 276, 'salt': 778, 'white pepper': 399}","'olive', 'coriander', 'cooking oil', 'lemon', 'egg', 'garlic', 'onion', 'ginger', 'butter', 'saffron', 'cinnamon', 'almond', 'meat', 'salt', 'white pepper'",MAROC
48,"[' Tajinde de viande aux petits pois', '']",-     mouton -     pois -   oignon   -   huile -   coriandre -   safran -    gingembre -    poivre noir -    sel - citron   -   olives    ,"{'coriandre': 254, 'olives': 307, 'huile': 901, 'citron': 240, 'gingembre': 333, 'safran': 340, 'mouton': 277, 'sel': 778, 'oignon': 348, 'poivre noir': 399, 'pois': 288}","{'coriander': 254, 'olive': 307, 'cooking oil': 901, 'lemon': 240, 'ginger: 333, 'saffron': 340, 'mutton': 277, 'salt': 778, 'onion': 348, 'white pepper': 399, 'peas': 288}","'coriander', 'olive', 'cooking oil', 'lemon', 'ginger', 'saffron', 'mutton', 'salt', 'onion', 'white pepper', 'peas'",MAROC
49,"[' Tajine de viande ""tfaia"" aux amandes et aux oeufs', '']",-      mouton -   huile -   smen -    ail - oignons     -   coriandre -   amandes   - œufs   -   gingembre -   safran -    sel -   beurre  ,"{'coriandre': 254, 'œufs': 0, 'huile': 901, 'beurre': 60, 'ail': 259, 'oignons  ': 348, 'gingembre': 333, 'safran': 340, 'mouton': 277, 'amandes': 281, 'smen': 60, 'sel': 778}","{'coriander': 254, 'egg': 0, 'cooking oil': 901, 'butter': 60, 'garlic': 259, 'onion': 348, 'ginger': 333, 'saffron': 340, 'mutton': 277, 'almond': 281, 'butter': 60, 'salt': 778}","'coriander', 'egg', 'cooking oil', 'butter', 'garlic', 'onion', 'ginger', 'saffron', 'mutton', 'almond', 'butter', 'salt'",MAROC
50,"[' Tajine de viande aux tomates', '']",-    agneau -    tomates -   huile - oignons    -    ail -   persil -   coriandre -    gingembre -   cumin -    poivre rouge -     piment fort   -   poivre noir -sel  ,"{'cumin': 332, 'coriandre': 254, 'huile': 901, 'ail': 259, 'oignons  ': 348, 'gingembre': 333, 'agneau': 275, 'sel': 778, 'poivre noir': 399, 'tomates': 364, 'poivre rouge': 339, 'piment fort': 362, 'persil': 338}","{'cumin': 332, 'coriander': 254, 'cooking oil': 901, 'garlic': 259, 'onion  ': 348, 'ginger': 333, 'lamb': 275, 'salt': 778, 'white pepper': 399, 'tomato': 364, 'pepper': 339, 'capsicum': 362, 'parsley': 338}","'cumin', 'coriander', 'cooking oil', 'garlic', 'onion', 'ginger', 'lamb', 'salt', 'white pepper', 'tomato', 'pepper', 'capsicum', 'parsley'",MAROC
53,"[' Tajine de viande aux topinambours (qadra)', '']",-    agneau -   topinambour -   oignon   -   persil -   beurre -   safran -   poivre noir -    sel -jus   citron  ,"{'topinambour': 573, 'beurre': 60, 'safran': 340, 'jus   citron': 240, 'agneau': 275, 'sel': 778, 'oignon': 348, 'poivre noir': 399, 'persil': 338}","{'jerusalem artichoke': 573, 'butter': 60, 'saffron': 340, 'lemon': 240, 'lamb': 275, 'salt': 778, 'onion': 348, 'white pepper': 399, 'parsley': 338}","'jerusalem artichoke', 'butter', 'saffron', 'lemon', 'lamb', 'salt', 'onion', 'white pepper', 'parsley'",MAROC
56,"[' Viande de conserve au citron', '']",-   viande -   graisse de khli' -  olives -   persil -    poivre rouge -   cumin -   piment fort   -jus   citron  ,"{'cumin': 332, 'olives': 307, 'viande': 276, 'jus   citron': 240, 'huile': 901, 'ail': 259, 'carvi': 326, 'poivre rouge': 339, 'poivre noir': 399, 'coriandre': 254, 'sel': 778, 'Bœuf': 270, 'piment fort': 362, 'persil': 338}","{'cumin': 332, 'olive': 307, 'meat': 276, 'lemon': 240, 'cooking oil': 901, 'garlic': 259, 'caraway': 326, 'pepper': 339, 'white pepper': 399, 'coriander': 254, 'salt': 778, 'beef': 270, 'capsicum': 362, 'parsley': 338}","'cumin', 'olive', 'meat', 'lemon', 'cooking oil', 'garlic', 'caraway', 'pepper', 'white pepper', 'coriander', 'salt', 'beef', 'capsicum', 'parsley'",MAROC
57,"[' Viande de conserve aux couges et aux lentilles', '']",-   lentilles -   courge rouge -   oignon   -   viande -    graisse de khli' -   poivre rouge -     piment fort   -    sel - tomates  ,"{'lentilles': 429, 'viande': 276, 'sel': 778, 'oignon': 348, 'huile': 901, 'ail': 259, 'carvi': 326, 'poivre rouge': 339, 'poivre noir': 399, 'coriandre': 254, 'cumin': 332, 'Bœuf': 270, 'courge rouge': 209, 'tomates': 364, 'piment fort': 362}","{'lentils': 429, 'meat': 276, 'salt': 778, 'onion': 348, 'cooking oil': 901, 'garlic': 259, 'caraway': 326, 'pepper': 339, 'white pepper': 399, 'coriander': 254, 'cumin': 332, 'beef': 270, 'pumpkin': 209, 'tomato': 364, 'capsicum': 362}","'lentils', 'meat', 'salt', 'onion', 'cooking oil', 'garlic', 'caraway', 'pepper', 'white pepper', 'coriander', 'cumin', 'beef', 'pumpkin', 'tomato', 'capsicum'",MAROC
58,"[' Viande de consevre aux tomates et pommes de terre', '']",-   tomates -   viande  -   graisse de khli' -   oignons  -   pommes de terre -    poivre rouge -   persil -     piment fort   -sel  ,"{'pommes de terre': 373, 'viande': 276, 'oignons ': 348, 'sel': 778, 'huile': 901, 'ail': 259, 'carvi': 326, 'poivre rouge': 339, 'poivre noir': 399, 'coriandre': 254, 'cumin': 332, 'Bœuf': 270, 'tomates': 364, 'piment fort': 362, 'persil': 338}","{'potato': 373, 'meat': 276, 'onion ': 348, 'salt': 778, 'cooking oil': 901, 'garlic': 259, 'caraway': 326, 'pepper': 339, 'white pepper': 399, 'coriander': 254, 'cumin': 332, 'beef': 270, 'tomato': 364, 'capsicum': 362, 'parsley': 338}","'potato', 'meat', 'onion', 'salt', 'cooking oil', 'garlic', 'caraway', 'pepper', 'white pepper', 'coriander', 'cumin', 'beef', 'tomato', 'capsicum', 'parsley'",MAROC
1,"[' Mrouzia', '']",-      mouton -   raisins     -   amandes   -   oignon   -   miel -   beurre -   poivre noir -   gingembre  -     safran -   cannelle -   sel -huile    ,"{'miel': 315, 'huile': 901, 'beurre': 60, 'gingembre': 333, 'safran': 340, 'cannelle': 330, 'amandes': 281, 'mouton': 277, 'raisins': 182, 'sel': 778, 'oignon': 348, 'poivre noir': 399}","{'honey': 315, 'cooking oil': 901, 'butter': 60, 'ginger': 333, 'saffron': 340, 'cinnamon': 330, 'almond': 281, 'mutton': 277, 'grape': 182, 'salt': 778, 'onion': 348, 'white pepper': 399}","'honey', 'cooking oil', 'butter', 'ginger', 'saffron', 'cinnamon', 'almond', 'mutton', 'grape', 'salt', 'onion', 'white pepper'",MAROC
2,"[' Tajine de viande à la courge rouge', '']",-     mouton -   courge rouge - oignon     -    ail -      huile -   safran -    gingembre -    ras lhanout -   cannelle -   poivre noir -sel -   miel  ,"{'miel': 315, 'huile': 901, 'ail': 259, 'gingembre': 333, 'safran': 340, 'cumin': 332, 'sel': 778, 'poivre': 339, 'cannelle': 330, 'coriandre': 254, 'allspice': 375, 'clove': 331, 'piment': 362, 'mouton': 277, 'oignon': 348, 'poivre noir': 399, 'courge rouge': 209}","{'honey': 315, 'cooking oil': 901, 'garlic': 259, 'ginger': 333, 'saffron': 340, 'cumin': 332, 'salt': 778, 'pepper': 339, 'cinnamon': 330, 'coriander': 254, 'allspice': 375, 'clove': 331, 'capsicum': 362, 'mutton': 277, 'onion': 348, 'white pepper': 399, 'pumpkin': 209}","'honey', 'cooking oil', 'garlic', 'ginger', 'saffron', 'cumin', 'salt', 'pepper', 'cinnamon', 'coriander', 'allspice', 'clove', 'capsicum', 'mutton', 'onion', 'white pepper', 'pumpkin'",MAROC
4,"[' Tajine de viande aux crings et au miel ', '']",-     mouton -    coings -   huile -    smen ou de beurre -     safran  - oignon      -   eau de fleur  oranger -   gingembre -   sel -   coriandre -   poivre blanc -   cannelle -   miel  ,"{'miel': 315, 'coings': 210, 'coriandre': 254, 'huile': 901, 'poivre blanc': 399, 'gingembre': 333, 'safran': 340, 'cannelle': 330, 'mouton': 277, 'smen': 60, 'sel': 778, 'oignon': 348, 'eau de fleur  oranger': 121}","{'honey': 315, 'quince': 210, 'coriander': 254, 'cooking oil': 901, 'white pepper': 399, 'ginger': 333, 'saffron': 340, 'cinnamon': 330, 'mutton': 277, 'butter': 60, 'salt': 778, 'onion': 348, 'neroli oil': 121}","'honey', 'quince', 'coriander', 'cooking oil', 'white pepper', 'ginger', 'saffron', 'cinnamon', 'mutton', 'butter', 'salt', 'onion', 'neroli oil'",MAROC
5,"[' Tajine qamama au miel', '']",-     mouton -     oignons   -   miel   -   cannelle -   sel -    gingembre - oignon       ,"{'miel': 315, 'gingembre': 333, 'cannelle': 330, 'mouton': 277, 'sel': 778, 'oignon': 348, 'oignons': 348}","{'honey': 315, 'ginger': 333, 'cinnamon': 330, 'mutton': 277, 'salt': 778, 'onion': 348, 'onion': 348}","'honey', 'ginger', 'cinnamon', 'mutton', 'salt', 'onion', 'onion'",MAROC
7,"[' Tajine de viande aux dattes', '']",-     mouton -   dattes -   amandes   -   graines de sèsame -   oignons  -   beurre -   miel   -   poivre noir  -   safran -   cannelle -   cannelle -   gingembre -   sel  ,"{'miel': 315, 'dattes': 177, 'beurre': 60, 'oignons ': 348, 'gingembre': 333, 'safran': 340, 'cannelle': 330, 'amandes': 281, 'graines de sèsame': 299, 'mouton': 277, 'sel': 778, 'poivre noir': 399}","{'honey': 315, 'dates': 177, 'butter': 60, 'onion': 348, 'ginger': 333, 'saffron': 340, 'cinnamon': 330, 'almond': 281, 'sesame': 299, 'mutton': 277, 'salt': 778, 'white pepper': 399}","'honey', 'dates', 'butter', 'onion', 'ginger', 'saffron', 'cinnamon', 'almond', 'sesame', 'mutton', 'salt', 'white pepper'",MAROC
10,"[' Tajine de viande aux oignons', '']",-    agneau -   oignons  -   raisins   -   beurre -   miel   -   huile -   gingembre -     muscade -     cannelle -   safran -     poivre blanc -sel  ,"{'miel': 315, 'huile': 901, 'beurre': 60, 'muscade': 336, 'poivre blanc': 399, 'oignons  ': 348, 'gingembre': 333, 'safran': 340, 'cannelle': 330, 'agneau': 275, 'sel': 778, 'raisins  s': 182}","{'honey': 315, 'cooking oil': 901, 'butter': 60, 'nutmeg': 336, 'white pepper': 399, 'onion': 348, 'ginger': 333, 'saffron': 340, 'cinnamon': 330, 'lamb': 275, 'salt': 778, 'grape': 182}","'honey', 'cooking oil', 'butter', 'nutmeg', 'white pepper', 'onion', 'ginger', 'saffron', 'cinnamon', 'lamb', 'salt', 'grape'",MAROC
13,"[' Tajine ed viande aux pruneaux', '']",-    agneau -   pruneaux   -   amandes   -   graines de sèsame -   miel   -   huile -   beurre - oignon     -   safran -   sel -    gingembre -     poivre blanc -   laurier -       muscade -   cannelle - ècorces  orange  ,"{'miel': 315, 'huile': 901, 'beurre': 60, 'poivre blanc': 399, 'muscade': 336, 'gingembre': 333, 'safran': 340, 'cannelle': 330, 'amandes': 281, 'agneau': 275, 'graines de sèsame': 299, 'pruneaux': 207, 'sel': 778, 'oignon': 348, 'ècorces  orange': 122, 'laurier': 305}","{'honey': 315, 'cooking oil': 901, 'butter': 60, 'white pepper': 399, 'nutmeg': 336, 'ginger': 333, 'saffron': 340, 'cinnamon': 330, 'almond': 281, 'lamb': 275, 'sesame': 299, 'plum': 207, 'salt': 778, 'onion': 348, 'orange oil': 122, 'laurel': 305}","'honey', 'cooking oil', 'butter', 'white pepper', 'nutmeg', 'ginger', 'saffron', 'cinnamon', 'almond', 'lamb', 'sesame', 'plum', 'salt', 'onion', 'orange oil', 'laurel'",MAROC
4,"[' Baghrir', '']",-   semouline -   farine -   eau -    lait  - œufs -   levure de boulanger -sel  ,"{'semouline': 869, 'farine': 920, 'eau': 794, 'lait': 88, 'œufs': 0, 'vinaigre': 322, 'pain': 2, 'sel': 778}","{'semolina': 869, 'flour': 920, 'water': 794, 'milk': 88, 'egg': 0, 'vinegar': 322, 'bread': 2, 'salt': 778}","'semolina', 'flour', 'water', 'milk', 'egg', 'vinegar', 'bread', 'salt'",MAROC
5,"[' Bastèla aux amandes et au lait', '']",-        bastèla -   amandes   -   sucre     -   lait - œufs -  huile -   beurre -    eau de fleur  oranger  ,"{'semouline': 869, 'farine': 920, 'sel': 778, 'eau': 794, 'amandes': 281, 'sucre': 781, 'lait': 88, 'œufs': 0, 'huile': 901, 'beurre': 60, 'eau de fleur  oranger': 121}","{'semolina': 869, 'flour': 920, 'salt': 778, 'water': 794, 'almond': 281, 'sugar': 781, 'milk': 88, 'egg': 0, 'cooking oil': 901, 'butter': 60, 'neroli oil': 121}","'semolina', 'flour', 'salt', 'water', 'almond', 'sugar', 'milk', 'egg', 'cooking oil', 'butter', 'neroli oil'",MAROC
8,"[' Briouats au riz', '']",-   riz -    lait  -      eau -   beurre -    sel -    sucre     -   eau de fleur  oranger  ,"{'riz': 55, 'lait': 88, 'eau': 794, 'beurre': 60, 'sel': 778, 'sucre': 781, 'eau de fleur  oranger': 121}","{'rice': 55, 'milk': 88, 'water': 794, 'butter': 60, 'salt': 778, 'sugar': 781, 'neroli oil': 121}","'rice', 'milk', 'water', 'butter', 'salt', 'sugar', 'neroli oil'",MAROC
16,"[' Maloui', '']",-   farine -   levure de boulanger -   sel -eau -huile -   beurre -miel ou sucre      ,"{'farine': 920, 'vinaigre': 322, 'pain': 2, 'sel': 778, 'eau': 794, 'huile': 901, 'beurre': 60, 'miel': 315}","{'flour': 920, 'vinegar': 322, 'bread': 2, 'salt': 778, 'water': 794, 'cooking oil': 901, 'butter': 60, 'honey': 315}","'flour', 'vinegar', 'bread', 'salt', 'water', 'cooking oil', 'butter', 'honey'",MAROC
18,"["" Maloui farci au khli'"", '']",-   farine -   levure de boulanger -   viande -     sel -   oignon  -eau -huile  ,"{'farine': 920, 'vinaigre': 322, 'pain': 2, 'sel': 778, 'eau': 794, 'viande': 276, 'oignon': 348, 'huile': 901}","{'flour': 920, 'vinegar': 322, 'bread': 2, 'salt': 778, 'water': 794, 'meat': 276, 'onion': 348, 'cooking oil': 901}","'flour', 'vinegar', 'bread', 'salt', 'water', 'meat', 'onion', 'cooking oil'",MAROC
21,"[' Rghaief oudnine el-qadi', 'carrès de pate au miel et au beurre', '']",-   farine -   sel -   levure de boulanger -eau -huile -   beurre  -miel  ,"{'farine': 920, 'sel': 778, 'vinaigre': 322, 'pain': 2, 'eau': 794, 'huile': 901, 'beurre': 60, 'miel': 315}","{'flour': 920, 'salt': 778, 'vinegar': 322, 'bread': 2, 'water': 794, 'cooking oil': 901, 'butter': 60, 'honey': 315}","'flour', 'salt', 'vinegar', 'bread', 'water', 'cooking oil', 'butter', 'honey'",MAROC
24,"[' Riz au lait', '']",-   riz   -   eau -    lait -   sucre     - beurre -   sel -     eau de fleur  oranger -cannelle  ,"{'riz': 55, 'eau': 794, 'lait': 88, 'sucre': 781, 'beurre': 60, 'sel': 778, 'eau de fleur  oranger': 121, 'cannelle': 330}","{'rice': 55, 'water': 794, 'milk': 88, 'sugar’: 781, 'butter': 60, 'salt': 778, 'neroli oil': 121, 'cinnamon': 330}","'rice', 'water', 'milk', 'sugar', 'butter', 'salt', 'neroli oil', 'cinnamon'",MAROC
